{
    "test_loss": 1.581866784228219,
    "test_accuracy": 0.5555555555555556,
    "test_kappa": 0.40740740740740744,
    "best_val_accuracy": 0.6423611111111112
}