{
    "test_loss": 1.712146959371037,
    "test_accuracy": 0.4114583333333333,
    "test_kappa": 0.2152777777777778,
    "best_val_accuracy": 0.4809027777777778
}